{"cameraMode":{"drawMode":0,"name":"Shaded","section":"Shading Mode"},"sceneLighting":true,"audioPlay":false,"sceneViewState":{"showFog":true,"showMaterialUpdate":false,"showSkybox":true,"showFlares":true,"showImageEffects":true,"showParticleSystems":true},"in2DMode":false,"pivot":{"x":188.31112670898438,"y":98.03199005126953,"z":-141.27880859375},"rotation":{"x":0.1434815376996994,"y":-0.016954543069005014,"z":-0.0024897169787436725,"w":-0.9895685911178589},"size":27.608257293701173,"orthographic":false}